{"cameraMode":{"drawMode":0,"name":"Shaded","section":"Shading Mode"},"sceneLighting":true,"audioPlay":false,"sceneViewState":{"showFog":true,"showMaterialUpdate":false,"showSkybox":true,"showFlares":true,"showImageEffects":true,"showParticleSystems":true},"in2DMode":false,"pivot":{"x":556.5482788085938,"y":301.0470886230469,"z":1.06787109375},"rotation":{"x":0.026996145024895669,"y":-0.0029901531524956228,"z":-0.00008739988697925583,"w":-0.9996441006660461},"size":322.7641906738281,"orthographic":false}